{
    "$schema": "https://schema.management.azure.com/schemas/2015-01-01/deploymentParameters.json#",
    "contentVersion": "1.0.0.0",
    "parameters": {
        "location": {
            "value": "centralindia"
        },
        "virtualMachineName": {
            "value": "az70533vm"
        },
        "virtualMachineSize": {
            "value": "Standard_DS1_v2"
        },
        "adminUsername": {
            "value": "srinivca"
        },
        "virtualNetworkName": {
            "value": "az70533vm-rg-vnet"
        },
        "networkInterfaceName": {
            "value": "az70533vm583"
        },
        "networkSecurityGroupName": {
            "value": "az70533vm-nsg"
        },
        "adminPassword": {
            "value": null
        },
        "availabilitySetName": {
            "value": "az70533vm-avset"
        },
        "availabilitySetPlatformFaultDomainCount": {
            "value": "2"
        },
        "availabilitySetPlatformUpdateDomainCount": {
            "value": "5"
        },
        "diagnosticsStorageAccountName": {
            "value": "az70533vmrgdiag718"
        },
        "diagnosticsStorageAccountType": {
            "value": "Standard_LRS"
        },
        "diagnosticsStorageAccountId": {
            "value": "Microsoft.Storage/storageAccounts/az70533vmrgdiag718"
        },
        "addressPrefix": {
            "value": "10.0.0.0/16"
        },
        "subnetName": {
            "value": "default"
        },
        "subnetPrefix": {
            "value": "10.0.0.0/24"
        },
        "publicIpAddressName": {
            "value": "az70533vm-ip"
        },
        "publicIpAddressType": {
            "value": "Dynamic"
        },
        "publicIpAddressSku": {
            "value": "Basic"
        },
        "autoShutdownStatus": {
            "value": "Enabled"
        },
        "autoShutdownTime": {
            "value": "01:00"
        },
        "autoShutdownTimeZone": {
            "value": "India Standard Time"
        },
        "autoShutdownNotificationStatus": {
            "value": "Disabled"
        }
    }
}